Term,Next one
DRW uses this to push applications on vim,SSH
Devops uses vim to ,migrate servers
pwd,print working directory
everythings saved need to push,git add then git commit -m 'comments' then git push
need to go up one directory,cd ..
need to go back to the home directory,cd ~
I need to create a file in the terminal in this folder,touch
I need to show all files in a directory in the terminal,ls
I need to show all files in a directory in the terminal but in a long format,ls -l
I need to show all files even hidden ones in a long list,ls -la
I need to remove a file,rm
I need to remove a directory,rm -r
What is git?,it's a local control system used to track changes to files
What's the key difference between git and github?,"The keyword is local, once you start pushing snapshots they can clone and download"
What problem does git solve?,"Instead of emailing yourself versions ofcode, git provides sovepoints and possible backups of code should they be needed"
What's a fun example to use when explaining git to people?,"It's like saving your game before a big boss battle, saving before you do something risky"
Im in git and I need to create a special folder that holds commits,git init
I need to add fileName to a staging area,git add fileName
I need to add all the changes from this directory to the staging area,git add .
I need to add a message that says 'fixed bugs' with this push ,git commit -m 'fixed bugs'
I need to check all the files in the staging area,git status
I need to remove a file fileName from the staging area,git rm -cached fileName
I need to rename the branch to Main,git branch -M main
what are the 5 elements of a head,you html language meta charset meta httpequiv meta name / content and title you can also put style in there two and any bootstrap plugins
how do you write the html language in the header,"<html lang=""en"">"
how do you write the metadata characterset in head,"<meta charset=""UTF-8> here you set the characterset to UTF-8"
how do you write the metadata http-equivalent tag In head,"<meta http-equiv=""X-UA=Compatible"">"
how do you write the metadata name and content tag in head,"<meta name""viewport"" content=""width-device-width, initial-scale-1.0"">"
what block is after head in an html file,body
how do you write an image element,image tag with src and alt
what's p in an html file,"the <p> tag defines a paragraph, enclosed will be a separate paragraph"
what ul in an html file,<ul> tag stands for unordered list and creates bulletpoint list has li tags
what do you put in a ul tag,li list items that create the specific points
what is li in an html file,<li> are list items 
what is ol In an html file,<ol> stands for ordered list and creates a numbered list
what do you put inside ol tags,<li> are list items that you put inside ol and ul tags
where do you put style blocks in html files,"It is generally considered best practice to put the CSS <style> block in the <head> section of an HTML document because it separates the presentation (CSS) from the structure (HTML) and allows the browser to load and apply the styles before the content is rendered.

When the browser loads an HTML document, it starts parsing the HTML and building the Document Object Model (DOM). As it encounters a <style> block in the <head> of the document, it will load and apply the styles before it finishes building the DOM. This means that when the content is rendered, all of the styles are already in place, resulting in a smoother display of the final rendered page.

Additionally, if the styles are located within the <head> of the document, the browser can also start loading any linked external stylesheets before it finishes parsing the entire document, which can improve the loading performance.

It's worth noting that there are some cases where it might be beneficial to include the CSS styles inline, directly in the HTML element, but this is generally not considered good practice and should be avoided if possible. "
what are 4 different places I can include styles if I'm running bootstrap:,"External CSS file, inline styles, CSS preprocessor, Bootstraps CDN(content delivery network)"
How do I link an html file to an extenal CSS file,"To link an HTML file to a CSS file named ""style.css"" that is in the same directory, you will need to add a <link> tag in the <head> of your HTML file. The <link> tag has several attributes, but the most important ones are rel, type, and href. <link rel=""stylesheet"" type=""text/css"" href=""style.css""> The rel attribute specifies the relationship between the HTML file and the linked file, in this case, it is a stylesheet.
The type attribute specifies the type of the file being linked, in this case, it is a ""text/css"" file.
The href attribute specifies the location of the file being linked, in this case, it is ""style.css"" and located in the same directory as the HTML file.
It's worth noting that if you are using relative paths to link your CSS files, the path will be relative to the location of the HTML file, so make sure that the path is correct and the CSS file is in the same directory as the HTML file."
What is an inline style and is it recommended?,"You can also include Bootstrap's CSS in the <head> of your HTML document using a <style> block. This is not recommended, as it can make your HTML more difficult to read and maintain."
What do you use for styling in bootstrap if you want something dynamic?,"1. CSS preprocessors: Bootstrap also supports CSS preprocessors like Sass, Less, and Stylus, which allow you to write your styles in a more dynamic and maintainable way. You can then use a tool to compile your preprocessed CSS into regular CSS that can be included in an external file or <style> block."
What do you use for styling in bootstrap if you want to reduce server load?,1. CDN (Content Delivery Network): Another common way to use bootstrap is to import bootstrap's CSS and JS files from a CDN (Content Delivery Network) in the <head> of your HTML document. This is considered a best practice as it reduces the load on your server.
what does CSS stand for,CSS stands for Cascading Style Sheets.
what is bootstrap,"Bootstrap is a free and open-source front-end development framework that is used to create responsive and mobile-first websites. It is a collection of CSS and JavaScript components that are designed to make it easier to create consistent, responsive designs. Bootstrap provides a set of pre-designed CSS classes and JavaScript plugins that you can use to create common web page elements like forms, buttons, navigation bars, and modals. It also includes a responsive grid system that makes it easy to create layouts that adapt to different screen sizes.

Bootstrap was developed and is maintained by Twitter and it was initially released in 2011. It's based on the concept of mobile first design, meaning that the framework is built to adapt to different screen sizes, and it's compatible with all modern browsers. Bootstrap is built with HTML, CSS, and JavaScript and it's easy to learn and use, especially for developers who are familiar with web development.

Bootstrap is widely used and popular among developers, as it allows them to quickly build responsive and mobile-friendly websites. It's also highly customizable, and you can easily modify the default styles to match your specific design needs."
what are the benefits of bootstrap?,"Speed up the development process and make it more consistent by providing pre-designed CSS classes and JavaScript plugins.
Make it easy to create responsive designs that adapt to different screen sizes, thanks to its responsive grid system.
Save time by not having to design common web page elements like forms, buttons, navigation bars, and modals from scratch.
Provide a consistent and professional look and feel across all devices and platforms."
what do I need in html to run bootstrap?,"Bootstrap CSS: You will need to include the Bootstrap CSS file in the <head> of your HTML document. You can do this by linking to a local copy of the file, or by linking to a CDN (Content Delivery Network) version of the file. Bootstrap JavaScript: You will also need to include the Bootstrap JavaScript file, typically at the bottom of the <body> section of your HTML document, before the closing </body> tag. This is required to enable certain Bootstrap features like modals and tooltips. It's worth noting that if you're using the JavaScript component of Bootstrap, you will also need to include jQuery, as Bootstrap's JavaScript plugins are built on top of it.
And also make sure that the links of the css and js files are correct and accessible.

By including these two files in your HTML document, you will be able to use the pre-designed CSS classes and JavaScript plugins provided by Bootstrap to create responsive and mobile-friendly websites."
"when styling html elements, should I use style attributes or class and id attributes?",you should use class and id attributes to separate the presentation from the structure of the code to be more maintable and organized
what is the class attribute,"class attribute applies a specific CSS class to html element, you can define the styles for a class in CSS file then apply that to one or more elements. You can reuse the same style across multiple elements for maintability."
what is the id attribute,"id attribute applies a specific CSS id to an html element, usable once per page. Useful when you need to style a single element in HTML. Like classes you can define the style for an id in CSS then apply that id to an element."
what is the style attribute,"style attribute: The style attribute is used to apply inline CSS styles to an HTML element. It allows you to define the styles for an element directly in the HTML code. This method can make your code less maintainable and harder to update, because the styles are not separated from the HTML, and you would need to update every single element individually in case you want to make a change."
when can style be best option?,"while it's best practice to avoid using the style attribute and instead use classes and ids, there are certain situations when it may be the best option such as small, one-off styles, dynamically generated elements, or testing or prototyping"
"A class attribute has two words, how do you write the style for that?","When a class attribute has two words, you can write the style for that in your CSS file by concatenating the two words with a ""."" (dot) in between."
why use a SASS or LESS file?,"SASS (Syntactically Awesome Style Sheets) and LESS (Leaner Style Sheets) are CSS preprocessors. They allow you to write your CSS styles in a more organized and maintainable way, by adding features such as variables, mixins, functions, and more.

Here are some benefits of using SASS or LESS:

Variables: SASS and LESS allow you to use variables in your CSS, which makes it easier to maintain and update your styles. For example, you can define a variable for a color and use that variable throughout your stylesheet, rather than having to update the color value in multiple places.

Mixins: Mixins are a way to reuse a group of CSS styles across multiple elements. This can help you to avoid writing repetitive CSS and make your code more maintainable.

Nesting: SASS and LESS allow you to nest selectors, which can help to make your CSS code more readable and organized.

Functions and operations: SASS and LESS provide built-in functions and operations that can be used to perform calculations and transformations on your CSS styles, such as color manipulation, math operations, etc.

Extends: SASS and LESS allow you to share the common styles across multiple selectors by extending them.

Compatibility: SASS and LESS are compatible with CSS, you can use any CSS code inside of a SASS or L"
I want to make a file on command line,touch file
how do I make multiple files on command line,touch file file
how do I open up file from command line ,code file or path/file
what is a linked list,"So A linked list is a linear collection of data elements, called nodes, each pointing to the next node by means of a pointer. It is a dynamic data structure, which can grow or shrink during the execution of a program. The two most common types of linked list are singly linked list and doubly linked list.

Each node in a singly linked list contains a data field and a reference (link) to the next node in the list
In a doubly linked list, each node contains a data field and references (links) to the next and previous nodes in the list
Linked list allows for efficient insertion or removal of elements at any position, as only the links between the elements need to be updated, unlike array which require elements to be shifted.
Linked list are commonly used in memory allocation and dynamic memory management. f"
what is a node in a linked list,"A node in a linked list is a basic unit of data that contains a value (or data) and a reference (or link) to the next node in the list. In a singly linked list, a node typically contains two fields: a data field and a reference (or ""next"" pointer) to the next node in the list. In a doubly linked list, a node typically contains three fields: a data field, a reference to the next node, and a reference to the previous node.
-* Node is a basic building block of linked list, and linked list is formed by connecting these nodes in a specific order.
-* The first node in the list is called the head, and the last node in the list is called the tail.
-* Nodes in a linked list can be dynamically allocated, which allows the list to grow or shrink at runtime."
what is a node class in a linked list,"A node class in a linked list is a blueprint for creating individual nodes that make up the linked list. It defines the properties and methods of a node, such as the data it holds, and the reference to the next node.

The node class typically contains a constructor method that initializes the data and reference fields when a new node is created.
The node class might also contain additional methods such as a setter method to change the value of the data field, or a getter method to access the value of the data field.
The node class is used to define the structure of the nodes in the linked list and provide the basic functionality for storing and manipulating the data in the linked list.
Here's an example of a simple node class for a singly linked list:

Copy code
class Node:
    def __init__(self, data):
        self.data = data
        self.next = None
This class defines a node with a single data field data and a reference to the next node next, that is set to None by default.
Please let me know if you need more information on this topic."
what is a constructorin a linked list,"A constructor in a linked list is a special method that is automatically called when a new object (node) of the class is created. Its main function is to initialize the data fields and references of the new object.

The constructor method is typically defined using the __init__ method in python, and it is the first method that is called when a new object is created.
The constructor method takes the necessary input arguments, such as the data for the node, and assigns them to the object's data fields.
It is also common for the constructor to set the reference to the next node in the list to None, as it is usually the case that the new node does not yet have a reference to the next node.
Here's an example of a simple constructor for a singly linked list node:

Copy code
class Node:
    def __init__(self, data):
        self.data = data
        self.next = None
This constructor initializes the data field of the node with the input argument data, and sets the reference to the next node to None by default.
Please let me know if you have any other question, or if you need further explanation."
what is .next in a linked list,".next in a linked list is a reference (or pointer) to the next node in the list. It is usually implemented as an instance variable of the node class, and is used to connect the nodes in the list together.

Each node in the list has a reference to the next node, forming a chain-like structure where each node points to the next one.
The last node in the list typically has a reference to the next node set to None to indicate the end of the list.
The .next reference allows the linked list to be traversed by starting at the first node (head) and following the .next references to each successive node until the end of the list is reached."
how would you delete a middle node in JS in a linked list,"To delete a middle node in a linked list in JavaScript, you would typically need to do the following steps:

Traverse the list to find the previous node of the one you want to delete.
Update the next reference of the previous node to point to the node that comes after the one you want to delete (skip the one you want to delete).
Set the next reference of the node you want to delete to null to disconnect it from the list.
Here's an example of a function that deletes a middle node in a singly linked list:

Copy code
function deleteMiddleNode(nodeToDelete) {
    if (!nodeToDelete || !nodeToDelete.next) {
        return false; // the node is the last or not exist
    }
    // Copy the data from the next node over to the current node
    nodeToDelete.data = nodeToDelete.next.data;
    // Update the next reference to skip the next node
    nodeToDelete.next = nodeToDelete.next.next;
    return true;
}
This function takes a single argument, the node that we want to delete and it's work by copying the data from the next node over to the current node, and update the next reference to skip the next node.
Please note that in this example, the function doesn't check if the given node is the head or tail of the list.
Please let me know if you have any further question or if you need more examples on this topic. f"
how would you use two pointers in a linked list,"Using two pointers in a linked list can be useful for solving a variety of problems, such as finding the middle element of the list, detecting a loop in the list, or reversing the list.

Here are a couple examples of how two pointers can be used in a linked list:

Finding the middle element of a linked list: You can use two pointers, one moving at a slower pace and the other moving at a faster pace. When the faster pointer reaches the end of the list, the slower pointer will be pointing to the middle element.
Copy code
function findMiddleNode(head) {
    let slowPointer = head;
    let fastPointer = head;
    while (fastPointer && fastPointer.next) {
        slowPointer = slowPointer.next;
        fastPointer = fastPointer.next.next;
    }
    return slowPointer;
}
Reversing a linked list: You can use two pointers, one pointing to the current node and the other pointing to the previous node, to iterate through the list and reverse the direction of the pointers.
Copy code
function reverseList(head) {
    let prev = null;
    let current = head;
    while (current) {
        let nextNode = current.next;
        current.next = prev;
        prev = current;
        current = nextNode;
    }
    return prev;
}
These are just a couple examples of how two pointers can be used in a linked list, but there are many other ways they can be used as well.
Please let me know if you have any other question, or if you need further explanation."
what is a high level language,"A high-level programming language is a programming language that is designed to be easy for humans to read and write, as opposed to a low-level programming language, which is closer to machine code and is more difficult for humans to read and write. High-level languages are also more abstract and less tied to the specific architecture of a computer.

High-level languages are typically closer to natural language and use more meaningful names for variables, functions and procedures rather than just memory addresses or registers.
High-level languages often include advanced features such as data types, libraries, and built-in functions that make it easier to write complex programs.
High-level languages are translated into machine code by a compiler or interpreter, which allows the programs written in a high-level language to run on a variety of different types of computers.
Examples of high-level languages include Python, Java, C++, C#, JavaScript, Ruby, and many others.
Please let me know if you have any other question, or if you need further explanation."
what are some high level languages,"Some examples of high-level programming languages are:

Python: A general-purpose, high-level programming language that is widely used for web development, data analysis, artificial intelligence, and scientific computing.
Java: A general-purpose, high-level programming language that is widely used for developing enterprise applications, mobile apps, and video games.
C++ : A general-purpose, high-level programming language that is widely used for developing system software, video games, and other high-performance applications.
C#: A general-purpose, high-level programming language that is widely used for developing Windows desktop applications and games.
JavaScript: A high-level programming language that is primarily used for creating interactive front-end web experiences, but also has a growing use in back-end development.
Ruby: A high-level, dynamic programming language that is often used for web development, particularly with the Ruby on Rails framework.
PHP : A high-level language commonly used for web development, it can be used to create web pages written in HTML and XML.
Swift: A high-level programming language developed by Apple, used primarily to develop iOS and macOS applications.
Kotlin: A high-level programming language developed by JetBrains, it is an officially supported language for developing android apps."
what are some low level languages,"Low-level programming languages are closer to machine code and are more difficult for humans to read and write. They provide a low-level of abstraction from the underlying computer hardware and are typically used for system-level programming or to access specific hardware features.

Some examples of low-level programming languages are:

Assembly: A symbolic representation of the machine code that runs on a specific type of processor. Assembly languages are specific to a particular computer architecture and provide a way to write programs in a form that can be easily translated into machine code.
Machine code: The native language of a computer, consisting of binary digits (0's and 1's) that the computer can execute directly.
C : A low-level, general-purpose programming language that provides a low-level of abstraction from the underlying hardware. It is widely used for developing system software, drivers, and other low-level applications.
Cuda C/C++ : a low-level parallel computing platform and programming model for NVIDIA GPUs."
What are OO and Visual Langage,"OO (Object-Oriented) and visual languages are different types of programming languages.

Object-Oriented (OO) languages are a programming paradigm that organizes code around objects, which are instances of classes. These languages are based on the concept of objects, which have properties and methods, and interact with each other through interfaces. Examples of object-oriented languages include Java, C++, Python, C# and Ruby.

Visual languages are programming languages that use a visual or graphical interface to represent the code, rather than text-based code. These languages are designed to be easy for non-programmers to understand and use. Examples of visual languages include Scratch, App Inventor, and Blockly.

Visual languages are often used for educational purposes to teach programming concepts to beginners or children, or to allow non-technical users to create simple programs without writing code.
Object-oriented languages, on the other hand, are more powerful and flexible and are used to create complex software applications."
What is Fortran,"Fortran (short for ""Formula Translation"") is a general-purpose, high-level programming language that is primarily used for scientific and engineering applications, particularly for numerical computations. It was one of the first high-level programming languages, developed in the 1950s at IBM by John Backus.

Fortran is known for its powerful array manipulation capabilities, making it well suited for tasks such as numerical simulations, data analysis, and large-scale data processing.
Fortran has a number of features that make it particularly well suited for scientific and engineering computations, such as support for arrays and matrices, built-in functions for common mathematical operations, and the ability to interface with other languages such as C.
Fortran is still widely used today in scientific and engineering communities and is still being developed, the latest standard is Fortran 2018.
Fortran is commonly used in high-performance computing, simulations and modeling, weather forecasting and other scientific research.
Fortran, though it's not as popular as it was in the past, it still has a strong user base in scientific and engineering communities, and it's still being used in many big applications and projects."
What is C a programming language,"C : A low-level, general-purpose programming language that provides a low-level of abstraction from the underlying hardware. It is widely used for developing system software, drivers, and other low-level applications."
What is assembly language,Assembly: A symbolic representation of the machine code that runs on a specific type of processor. Assembly languages are specific to a particular computer architecture and provide a way to write programs in a form that can be easily translated into machine code.
Wht is machine language,"Machine language, also known as machine code or assembly language, is the native language of a computer, consisting of binary digits (0's and 1's) that the computer can execute directly. It is the lowest level of programming language, closest to the actual instructions executed by the computer's central processing unit (CPU).

Machine language instructions are specific to a particular computer architecture and are not portable between different types of computers.
Each machine language instruction corresponds to a specific operation that the CPU can perform, such as moving data, performing mathematical calculations, or jumping to a different location in the program.
Machine code is difficult for humans to read and write, as it is just a sequence of numbers. It requires a detailed knowledge of the computer architecture and assembly languages to write and understand.
Machine languages are rarely used today, as higher-level programming languages such as C or Python have been developed to make programming easier for humans and more portable across different types of computers.
Machine languages are rarely used today, as higher-level programming languages such as C or Python have been developed to make programming easier for humans and more portable across different types of computers. These higher-level languages are then translated into machine code by a compiler or interpreter, which allows the programs written in a high-level language to run on a variety of different types of computers.
Please let me know if you have any other question or if you need more information on this topic."
What are the major takeaways from Charles Petrigold's CODE the hidden language of computer hardware>,
What is DOM and why is it important?,"The Document Object Model (DOM) is a programming interface for HTML and XML documents. It represents the structure of a document as a tree of objects, where each object represents a part of the document (such as an element, attribute, or text node).

The DOM allows a programming language such as JavaScript to access and manipulate the contents of a web page in a structured way, allowing developers to change the content, layout, and behavior of a web page dynamically.

The DOM provides a way for a programming language to access and manipulate the content of a web page in a structured way.
By representing the content of the web page as a tree of objects, the DOM allows developers to navigate and make changes to the content in a systematic way.
It is important because it allows web pages to be dynamic and interactive, and it allows web developers to create complex web applications that can update and respond to user input in real-time.
The DOM also allows web developers to create cross-browser compatible web pages, as the DOM is supported by all major web browsers.
In summary, the DOM is important because it allows web developers to create dynamic and interactive web pages that can respond to user input in real-time, and it provides a way to access and manipulate the content of a web page in a structured way that is compatible with all major web browsers."
how do you connect JS to HTML using event listener and query selector,"To connect JavaScript to HTML using event listeners and the querySelector method, you can follow these steps:

Add an HTML element with a unique id attribute to the HTML file. This element will be used as a trigger for the JavaScript code.
Copy code
<button id=""myButton"">Click me</button>
In the JavaScript file, use the querySelector method to select the element by its id.
Copy code
const button = document.querySelector('#myButton');
Add an event listener to the selected element, that listens for a specific event, such as a click or a mouseover. The event listener takes a callback function as an argument, which will be executed when the event is triggered.
Copy code
button.addEventListener('click', function() {
    // code to be executed when the button is clicked
});
Inside the callback function, you can use the DOM API (Document Object Model) to access and manipulate the HTML elements in the web page.
Copy code
button.addEventListener('click', function() {
    // code to be executed when the button is clicked
    alert('Button was clicked');
});"
what is a flexbox,"Flexbox (short for Flexible Box Layout) is a layout module in CSS that allows you to create flexible, responsive, and adaptable layout designs. It provides a simple way to align and distribute elements within a container, and allows elements to be automatically resized and repositioned based on the size of the container and the size of the elements themselves.

Flexbox is a one-dimensional layout model, meaning that it lays out elements along a single axis, either horizontally or vertically.
Flexbox is designed to handle small-scale layouts, where the elements inside the container are known and their size is fixed.
Flexbox provides a set of CSS properties that allow elements to be aligned, ordered, and resized within a container.
Flexbox is supported by all modern web browsers, including Internet Explorer 10 and above.
Here's an example of how to use Flexbox to create a horizontal layout:

Copy code
<div class=""container"">
  <div class=""item"">Item 1</div>
  <div class=""item"">Item 2</div>
  <div class=""item"">Item 3</div>
</div>
Copy code
.container {
  display: flex;
  flex-direction: row;
}
In this example, the container element is set to display as a flex container and the flex-direction property is set to row, which lays out the child elements horizontally.

Flexbox is a powerful layout tool that allows you to create flexible and responsive designs that adapt to different screen sizes and orientations. It provides a simple and efficient way to align and distribute elements within a container, making it a popular choice for web developers."
What is react JS,"React is a JavaScript library for building user interfaces. It was developed and is maintained by Facebook and a community of individual developers and companies. React allows developers to build reusable UI components and manage the state of an application.

React uses a virtual DOM (Document Object Model) to efficiently update the view when the state of the application changes.
React allows developers to build reusable UI components that can be easily composed to create complex user interfaces.
React uses a declarative programming paradigm, which makes it easier to understand and predict the behavior of an application.
React allows for the use of a component-based architecture, which makes it easy to reason about the structure of an application and to manage its state.
React allows developers to build efficient and performant web applications by breaking them down into small, reusable components, that can be composed to create complex user interfaces. React's virtual DOM and component-based architecture make it easy to manage the state of an application and to efficiently update the view when the state changes.
React is widely used in building web applications, and it's popularity continue to grow. React also has a companion library called React Native, which allows developers to use React to build mobile apps for iOS and Android."
What is a stack,"What is a stack?
A stack is a Last In, First Out (LIFO) data structure where elements are added and removed from the top of the stack.
Elements are added to the top of the stack using the push operation
Elements are removed from the top of the stack using the pop operation
The top element of the stack can be accessed using the peek operation
The size of the stack can be accessed using the size operation
Stacks can be used to implement undo/redo functionality, function call history, and other similar features"
What is Javascript,"JavaScript is a high-level, interpreted programming language that is widely used to create interactive and dynamic web pages, as well as to build web and mobile apps, and develop server-side and desktop applications. It was developed in the mid-1990s by Brendan Eich while he was working at Netscape Communications Corporation.

JavaScript is primarily used to create dynamic and interactive user interfaces on web pages, such as form validation, image sliders, and interactive maps.
JavaScript can be used to make web pages more responsive and interactive by updating the content, layout, and styling of a web page without the need for a page refresh.
JavaScript can also be used to create web and mobile apps, and to develop server-side and desktop applications using technologies such as Node.js and Electron.
JavaScript is supported by all major web browsers and runs on the client-side (in the user's web browser), but also can be run on the server-side using runtime environments such as Node.js.
JavaScript is an essential part of web development and it's used to create interactive and dynamic web pages, web and mobile apps, and to develop server-side and desktop applications. It's the only programming language that runs natively on the web, it's supported by all major web browsers and it's a fundamental building block of the modern web. It is also widely used to build complex and high-performing web applications."
What is Python,"Python is a high-level, interpreted programming language that is widely used for web development, data analysis, artificial intelligence, and scientific computing. It was first released in 1991 by Guido van Rossum.

Python is known for its simplicity, readability, and expressiveness, making it a great language for beginners and experienced developers alike.
Python has a large and active community that provides a vast collection of libraries and frameworks for various tasks such as web development, data analysis, and machine learning.
Python can be used for a wide range of tasks, from simple scripting and automation to building complex web applications, data analysis and visualization, and machine learning and artificial intelligence.
Python also has a strong emphasis on code readability and maintainability, and it has built-in support for object-oriented, procedural, and functional programming paradigms.
Python is a versatile language that is widely used in various fields such as web development, data science, artificial intelligence and scientific computing. It is known for its simplicity and ease of use, which allows developers to express concepts with less code and in a more human-readable way. Python has a large and active community that provides a vast collection of libraries and frameworks that make it a powerful tool for various tasks. It is also widely used in education and research."
What is Kafka,"Apache Kafka is an open-source distributed event streaming platform that is used for building real-time data pipelines and streaming applications. It was originally developed by LinkedIn and later donated to the Apache Software Foundation.

Kafka allows you to collect, store, process, and analyze large volumes of data in real-time, making it well-suited for use cases such as real-time data processing, data integration, and log aggregation.
Kafka uses a publish-subscribe model where producers send messages to topics and consumers read from those topics. This allows for high throughput and scalability as messages can be distributed across multiple servers.
Kafka also provides fault-tolerance and guarantees that messages will be persisted and replicated to multiple servers, even if one or more servers fail.
Kafka provides a powerful set of APIs for producing, consuming, and processing streams of data, making it easy to integrate with other systems and technologies.
Kafka is a powerful tool for real-time data streaming and processing. It allows you to collect, store, process, and analyze large volumes of data in real-time, making it well-suited for use cases such as real-time data processing, data integration, and log aggregation. It is widely adopted by many companies and organizations for various use cases. It's also often used in conjunction with other big data technologies like Apache Storm and Apache Hadoop, to build complete streaming data pipelines."
how do I do a sumpairs solution? Given a list of integers and a sum return the first that add up to form sum,"Create a new set to hold the integers, iterate through the loop, checking if the complement of current one has been seen before with .has() return [s-ints[i], ints[i]] , else add it into set / seen.add(ints[i]), outside of for loop loop return undefined"
